username,password,email,firstname,lastname,course1,role1
student10000,pass123,student10000@email.com,Student,10000,Tin 12 - CS,student
student10001,pass123,student10001@email.com,Student,10001,Tin 12 - CS,student
student10002,pass123,student10002@email.com,Student,10002,Tin 12 - CS,student
student10003,pass123,student10003@email.com,Student,10003,Tin 12 - CS,student
student10004,pass123,student10004@email.com,Student,10004,Tin 12 - CS,student
student10005,pass123,student10005@email.com,Student,10005,Tin 12 - CS,student
student10006,pass123,student10006@email.com,Student,10006,Tin 12 - CS,student
student10007,pass123,student10007@email.com,Student,10007,Tin 12 - CS,student
student10008,pass123,student10008@email.com,Student,10008,Tin 12 - CS,student
student10009,pass123,student10009@email.com,Student,10009,Tin 12 - CS,student
student10010,pass123,student10010@email.com,Student,10010,Tin 12 - CS,student
student10011,pass123,student10011@email.com,Student,10011,Tin 12 - CS,student
student10012,pass123,student10012@email.com,Student,10012,Tin 12 - CS,student
student10013,pass123,student10013@email.com,Student,10013,Tin 12 - CS,student
student10014,pass123,student10014@email.com,Student,10014,Tin 12 - CS,student
student10015,pass123,student10015@email.com,Student,10015,Tin 12 - CS,student
student10016,pass123,student10016@email.com,Student,10016,Tin 12 - CS,student
student10017,pass123,student10017@email.com,Student,10017,Tin 12 - CS,student
student10018,pass123,student10018@email.com,Student,10018,Tin 12 - CS,student
student10019,pass123,student10019@email.com,Student,10019,Tin 12 - CS,student
student10020,pass123,student10020@email.com,Student,10020,Tin 12 - CS,student
student10021,pass123,student10021@email.com,Student,10021,Tin 12 - CS,student
student10022,pass123,student10022@email.com,Student,10022,Tin 12 - CS,student
student10023,pass123,student10023@email.com,Student,10023,Tin 12 - CS,student
student10024,pass123,student10024@email.com,Student,10024,Tin 12 - CS,student
student10025,pass123,student10025@email.com,Student,10025,Tin 12 - CS,student
student10026,pass123,student10026@email.com,Student,10026,Tin 12 - CS,student
student10027,pass123,student10027@email.com,Student,10027,Tin 12 - CS,student
student10028,pass123,student10028@email.com,Student,10028,Tin 12 - CS,student
student10029,pass123,student10029@email.com,Student,10029,Tin 12 - CS,student
student10030,pass123,student10030@email.com,Student,10030,Tin 12 - CS,student
student10031,pass123,student10031@email.com,Student,10031,Tin 12 - CS,student
student10032,pass123,student10032@email.com,Student,10032,Tin 12 - CS,student
student10033,pass123,student10033@email.com,Student,10033,Tin 12 - CS,student
student10034,pass123,student10034@email.com,Student,10034,Tin 12 - CS,student
student10035,pass123,student10035@email.com,Student,10035,Tin 12 - CS,student
student10036,pass123,student10036@email.com,Student,10036,Tin 12 - CS,student
student10037,pass123,student10037@email.com,Student,10037,Tin 12 - CS,student
student10038,pass123,student10038@email.com,Student,10038,Tin 12 - CS,student
student10039,pass123,student10039@email.com,Student,10039,Tin 12 - CS,student
student10040,pass123,student10040@email.com,Student,10040,Tin 12 - CS,student
student10041,pass123,student10041@email.com,Student,10041,Tin 12 - CS,student
student10042,pass123,student10042@email.com,Student,10042,Tin 12 - CS,student
student10043,pass123,student10043@email.com,Student,10043,Tin 12 - CS,student
student10044,pass123,student10044@email.com,Student,10044,Tin 12 - CS,student
student10045,pass123,student10045@email.com,Student,10045,Tin 12 - CS,student
student10046,pass123,student10046@email.com,Student,10046,Tin 12 - CS,student
student10047,pass123,student10047@email.com,Student,10047,Tin 12 - CS,student
student10048,pass123,student10048@email.com,Student,10048,Tin 12 - CS,student
student10049,pass123,student10049@email.com,Student,10049,Tin 12 - CS,student
student10050,pass123,student10050@email.com,Student,10050,Tin 12 - CS,student
student10051,pass123,student10051@email.com,Student,10051,Tin 12 - CS,student
student10052,pass123,student10052@email.com,Student,10052,Tin 12 - CS,student
student10053,pass123,student10053@email.com,Student,10053,Tin 12 - CS,student
student10054,pass123,student10054@email.com,Student,10054,Tin 12 - CS,student
student10055,pass123,student10055@email.com,Student,10055,Tin 12 - CS,student
student10056,pass123,student10056@email.com,Student,10056,Tin 12 - CS,student
student10057,pass123,student10057@email.com,Student,10057,Tin 12 - CS,student
student10058,pass123,student10058@email.com,Student,10058,Tin 12 - CS,student
student10059,pass123,student10059@email.com,Student,10059,Tin 12 - CS,student
student10060,pass123,student10060@email.com,Student,10060,Tin 12 - CS,student
student10061,pass123,student10061@email.com,Student,10061,Tin 12 - CS,student
student10062,pass123,student10062@email.com,Student,10062,Tin 12 - CS,student
student10063,pass123,student10063@email.com,Student,10063,Tin 12 - CS,student
student10064,pass123,student10064@email.com,Student,10064,Tin 12 - CS,student
student10065,pass123,student10065@email.com,Student,10065,Tin 12 - CS,student
student10066,pass123,student10066@email.com,Student,10066,Tin 12 - CS,student
student10067,pass123,student10067@email.com,Student,10067,Tin 12 - CS,student
student10068,pass123,student10068@email.com,Student,10068,Tin 12 - CS,student
student10069,pass123,student10069@email.com,Student,10069,Tin 12 - CS,student
student10070,pass123,student10070@email.com,Student,10070,Tin 12 - CS,student
student10071,pass123,student10071@email.com,Student,10071,Tin 12 - CS,student
student10072,pass123,student10072@email.com,Student,10072,Tin 12 - CS,student
student10073,pass123,student10073@email.com,Student,10073,Tin 12 - CS,student
student10074,pass123,student10074@email.com,Student,10074,Tin 12 - CS,student
student10075,pass123,student10075@email.com,Student,10075,Tin 12 - CS,student
student10076,pass123,student10076@email.com,Student,10076,Tin 12 - CS,student
student10077,pass123,student10077@email.com,Student,10077,Tin 12 - CS,student
student10078,pass123,student10078@email.com,Student,10078,Tin 12 - CS,student
student10079,pass123,student10079@email.com,Student,10079,Tin 12 - CS,student
student10080,pass123,student10080@email.com,Student,10080,Tin 12 - CS,student
student10081,pass123,student10081@email.com,Student,10081,Tin 12 - CS,student
student10082,pass123,student10082@email.com,Student,10082,Tin 12 - CS,student
student10083,pass123,student10083@email.com,Student,10083,Tin 12 - CS,student
student10084,pass123,student10084@email.com,Student,10084,Tin 12 - CS,student
student10085,pass123,student10085@email.com,Student,10085,Tin 12 - CS,student
student10086,pass123,student10086@email.com,Student,10086,Tin 12 - CS,student
student10087,pass123,student10087@email.com,Student,10087,Tin 12 - CS,student
student10088,pass123,student10088@email.com,Student,10088,Tin 12 - CS,student
student10089,pass123,student10089@email.com,Student,10089,Tin 12 - CS,student
student10090,pass123,student10090@email.com,Student,10090,Tin 12 - CS,student
student10091,pass123,student10091@email.com,Student,10091,Tin 12 - CS,student
student10092,pass123,student10092@email.com,Student,10092,Tin 12 - CS,student
student10093,pass123,student10093@email.com,Student,10093,Tin 12 - CS,student
student10094,pass123,student10094@email.com,Student,10094,Tin 12 - CS,student
student10095,pass123,student10095@email.com,Student,10095,Tin 12 - CS,student
student10096,pass123,student10096@email.com,Student,10096,Tin 12 - CS,student
student10097,pass123,student10097@email.com,Student,10097,Tin 12 - CS,student
student10098,pass123,student10098@email.com,Student,10098,Tin 12 - CS,student
student10099,pass123,student10099@email.com,Student,10099,Tin 12 - CS,student
student10100,pass123,student10100@email.com,Student,10100,Tin 12 - CS,student
student10101,pass123,student10101@email.com,Student,10101,Tin 12 - CS,student
student10102,pass123,student10102@email.com,Student,10102,Tin 12 - CS,student
student10103,pass123,student10103@email.com,Student,10103,Tin 12 - CS,student
student10104,pass123,student10104@email.com,Student,10104,Tin 12 - CS,student
student10105,pass123,student10105@email.com,Student,10105,Tin 12 - CS,student
student10106,pass123,student10106@email.com,Student,10106,Tin 12 - CS,student
student10107,pass123,student10107@email.com,Student,10107,Tin 12 - CS,student
student10108,pass123,student10108@email.com,Student,10108,Tin 12 - CS,student
student10109,pass123,student10109@email.com,Student,10109,Tin 12 - CS,student
student10110,pass123,student10110@email.com,Student,10110,Tin 12 - CS,student
student10111,pass123,student10111@email.com,Student,10111,Tin 12 - CS,student
student10112,pass123,student10112@email.com,Student,10112,Tin 12 - CS,student
student10113,pass123,student10113@email.com,Student,10113,Tin 12 - CS,student
student10114,pass123,student10114@email.com,Student,10114,Tin 12 - CS,student
student10115,pass123,student10115@email.com,Student,10115,Tin 12 - CS,student
student10116,pass123,student10116@email.com,Student,10116,Tin 12 - CS,student
student10117,pass123,student10117@email.com,Student,10117,Tin 12 - CS,student
student10118,pass123,student10118@email.com,Student,10118,Tin 12 - CS,student
student10119,pass123,student10119@email.com,Student,10119,Tin 12 - CS,student
student10120,pass123,student10120@email.com,Student,10120,Tin 12 - CS,student
student10121,pass123,student10121@email.com,Student,10121,Tin 12 - CS,student
student10122,pass123,student10122@email.com,Student,10122,Tin 12 - CS,student
student10123,pass123,student10123@email.com,Student,10123,Tin 12 - CS,student
student10124,pass123,student10124@email.com,Student,10124,Tin 12 - CS,student
student10125,pass123,student10125@email.com,Student,10125,Tin 12 - CS,student
student10126,pass123,student10126@email.com,Student,10126,Tin 12 - CS,student
student10127,pass123,student10127@email.com,Student,10127,Tin 12 - CS,student
student10128,pass123,student10128@email.com,Student,10128,Tin 12 - CS,student
student10129,pass123,student10129@email.com,Student,10129,Tin 12 - CS,student
student10130,pass123,student10130@email.com,Student,10130,Tin 12 - CS,student
student10131,pass123,student10131@email.com,Student,10131,Tin 12 - CS,student
student10132,pass123,student10132@email.com,Student,10132,Tin 12 - CS,student
student10133,pass123,student10133@email.com,Student,10133,Tin 12 - CS,student
student10134,pass123,student10134@email.com,Student,10134,Tin 12 - CS,student
student10135,pass123,student10135@email.com,Student,10135,Tin 12 - CS,student
student10136,pass123,student10136@email.com,Student,10136,Tin 12 - CS,student
student10137,pass123,student10137@email.com,Student,10137,Tin 12 - CS,student
student10138,pass123,student10138@email.com,Student,10138,Tin 12 - CS,student
student10139,pass123,student10139@email.com,Student,10139,Tin 12 - CS,student
student10140,pass123,student10140@email.com,Student,10140,Tin 12 - CS,student
student10141,pass123,student10141@email.com,Student,10141,Tin 12 - CS,student
student10142,pass123,student10142@email.com,Student,10142,Tin 12 - CS,student
student10143,pass123,student10143@email.com,Student,10143,Tin 12 - CS,student
student10144,pass123,student10144@email.com,Student,10144,Tin 12 - CS,student
student10145,pass123,student10145@email.com,Student,10145,Tin 12 - CS,student
student10146,pass123,student10146@email.com,Student,10146,Tin 12 - CS,student
student10147,pass123,student10147@email.com,Student,10147,Tin 12 - CS,student
student10148,pass123,student10148@email.com,Student,10148,Tin 12 - CS,student
student10149,pass123,student10149@email.com,Student,10149,Tin 12 - CS,student
student10150,pass123,student10150@email.com,Student,10150,Tin 12 - CS,student
student10151,pass123,student10151@email.com,Student,10151,Tin 12 - CS,student
student10152,pass123,student10152@email.com,Student,10152,Tin 12 - CS,student
student10153,pass123,student10153@email.com,Student,10153,Tin 12 - CS,student
student10154,pass123,student10154@email.com,Student,10154,Tin 12 - CS,student
student10155,pass123,student10155@email.com,Student,10155,Tin 12 - CS,student
student10156,pass123,student10156@email.com,Student,10156,Tin 12 - CS,student
student10157,pass123,student10157@email.com,Student,10157,Tin 12 - CS,student
student10158,pass123,student10158@email.com,Student,10158,Tin 12 - CS,student
student10159,pass123,student10159@email.com,Student,10159,Tin 12 - CS,student
student10160,pass123,student10160@email.com,Student,10160,Tin 12 - CS,student
student10161,pass123,student10161@email.com,Student,10161,Tin 12 - CS,student
student10162,pass123,student10162@email.com,Student,10162,Tin 12 - CS,student
student10163,pass123,student10163@email.com,Student,10163,Tin 12 - CS,student
student10164,pass123,student10164@email.com,Student,10164,Tin 12 - CS,student
student10165,pass123,student10165@email.com,Student,10165,Tin 12 - CS,student
student10166,pass123,student10166@email.com,Student,10166,Tin 12 - CS,student
student10167,pass123,student10167@email.com,Student,10167,Tin 12 - CS,student
student10168,pass123,student10168@email.com,Student,10168,Tin 12 - CS,student
student10169,pass123,student10169@email.com,Student,10169,Tin 12 - CS,student
student10170,pass123,student10170@email.com,Student,10170,Tin 12 - CS,student
student10171,pass123,student10171@email.com,Student,10171,Tin 12 - CS,student
student10172,pass123,student10172@email.com,Student,10172,Tin 12 - CS,student
student10173,pass123,student10173@email.com,Student,10173,Tin 12 - CS,student
student10174,pass123,student10174@email.com,Student,10174,Tin 12 - CS,student
student10175,pass123,student10175@email.com,Student,10175,Tin 12 - CS,student
student10176,pass123,student10176@email.com,Student,10176,Tin 12 - CS,student
student10177,pass123,student10177@email.com,Student,10177,Tin 12 - CS,student
student10178,pass123,student10178@email.com,Student,10178,Tin 12 - CS,student
student10179,pass123,student10179@email.com,Student,10179,Tin 12 - CS,student
student10180,pass123,student10180@email.com,Student,10180,Tin 12 - CS,student
student10181,pass123,student10181@email.com,Student,10181,Tin 12 - CS,student
student10182,pass123,student10182@email.com,Student,10182,Tin 12 - CS,student
student10183,pass123,student10183@email.com,Student,10183,Tin 12 - CS,student
student10184,pass123,student10184@email.com,Student,10184,Tin 12 - CS,student
student10185,pass123,student10185@email.com,Student,10185,Tin 12 - CS,student
student10186,pass123,student10186@email.com,Student,10186,Tin 12 - CS,student
student10187,pass123,student10187@email.com,Student,10187,Tin 12 - CS,student
student10188,pass123,student10188@email.com,Student,10188,Tin 12 - CS,student
student10189,pass123,student10189@email.com,Student,10189,Tin 12 - CS,student
student10190,pass123,student10190@email.com,Student,10190,Tin 12 - CS,student
student10191,pass123,student10191@email.com,Student,10191,Tin 12 - CS,student
student10192,pass123,student10192@email.com,Student,10192,Tin 12 - CS,student
student10193,pass123,student10193@email.com,Student,10193,Tin 12 - CS,student
student10194,pass123,student10194@email.com,Student,10194,Tin 12 - CS,student
student10195,pass123,student10195@email.com,Student,10195,Tin 12 - CS,student
student10196,pass123,student10196@email.com,Student,10196,Tin 12 - CS,student
student10197,pass123,student10197@email.com,Student,10197,Tin 12 - CS,student
student10198,pass123,student10198@email.com,Student,10198,Tin 12 - CS,student
student10199,pass123,student10199@email.com,Student,10199,Tin 12 - CS,student
